{
  "project_info": {
    "project_number": "34679210489",
    "firebase_url": "https://chatapp-8ec3a.firebaseio.com",
    "project_id": "chatapp-8ec3a",
    "storage_bucket": "chatapp-8ec3a.appspot.com"
  },
  "client": [
    {
      "client_info": {
        "mobilesdk_app_id": "1:34679210489:android:0621e0f4f5f30cda",
        "android_client_info": {
          "package_name": "co.Sihoon.flash_chat"
        }
      },
      "oauth_client": [
        {
          "client_id": "34679210489-lfr1kd6e9vfqk5694amupe5r59bodda2.apps.googleusercontent.com",
          "client_type": 3
        }
      ],
      "api_key": [
        {
          "current_key": "AIzaSyB5snn-NG9H40zZdiiaZrtVN4XEFJ4xfKc"
        }
      ],
      "services": {
        "appinvite_service": {
          "other_platform_oauth_client": [
            {
              "client_id": "34679210489-lfr1kd6e9vfqk5694amupe5r59bodda2.apps.googleusercontent.com",
              "client_type": 3
            }
          ]
        }
      }
    }
  ],
  "configuration_version": "1"
}